{"cameraMode":{"drawMode":0,"name":"Shaded","section":"Shading Mode"},"sceneLighting":true,"audioPlay":false,"sceneViewState":{"m_AlwaysRefresh":false,"showFog":true,"showSkybox":true,"showFlares":true,"showImageEffects":true,"showParticleSystems":true,"showVisualEffectGraphs":true,"m_FxEnabled":true},"in2DMode":false,"pivot":{"x":213.70579528808595,"y":181.94927978515626,"z":1.7056007385253907},"rotation":{"x":0.10387511551380158,"y":0.004833437502384186,"z":0.00525539368391037,"w":0.9937911033630371},"size":500.7233581542969,"orthographic":false}