{"cameraMode":{"drawMode":0,"name":"Shaded","section":"Shading Mode"},"sceneLighting":true,"audioPlay":false,"sceneViewState":{"m_AlwaysRefresh":false,"showFog":true,"showSkybox":true,"showFlares":true,"showImageEffects":true,"showParticleSystems":true,"showVisualEffectGraphs":true,"m_FxEnabled":true},"in2DMode":false,"pivot":{"x":26.241668701171876,"y":1.9063886404037476,"z":161.07008361816407},"rotation":{"x":-0.006078450474888086,"y":-0.9930684566497803,"z":0.0014555108500644565,"w":-0.1106075718998909},"size":1.6681257486343384,"orthographic":false}