{"cameraMode":{"drawMode":0,"name":"Shaded","section":"Shading Mode"},"sceneLighting":true,"audioPlay":false,"sceneViewState":{"m_AlwaysRefresh":false,"showFog":true,"showSkybox":true,"showFlares":true,"showImageEffects":true,"showParticleSystems":true,"showVisualEffectGraphs":true,"m_FxEnabled":true},"in2DMode":false,"pivot":{"x":-1.3894984722137452,"y":-1.7580702304840088,"z":-3.0876264572143556},"rotation":{"x":-0.26817038655281069,"y":0.01947835646569729,"z":-0.01695932447910309,"w":-0.9619928002357483},"size":3.8032658100128176,"orthographic":false}