{"cameraMode":{"drawMode":0,"name":"Shaded","section":"Shading Mode"},"sceneLighting":true,"audioPlay":false,"sceneViewState":{"m_AlwaysRefresh":false,"showFog":true,"showSkybox":true,"showFlares":true,"showImageEffects":true,"showParticleSystems":true,"showVisualEffectGraphs":true,"m_FxEnabled":true},"in2DMode":false,"pivot":{"x":409.9084777832031,"y":37.338600158691409,"z":-13.536593437194825},"rotation":{"x":-0.047586340457201007,"y":-0.6130161881446838,"z":-0.035427339375019076,"w":0.7872137427330017},"size":5.813663005828857,"orthographic":false}