{"cameraMode":{"drawMode":0,"name":"Shaded","section":"Shading Mode"},"sceneLighting":true,"audioPlay":false,"sceneViewState":{"m_AlwaysRefresh":false,"showFog":true,"showSkybox":true,"showFlares":true,"showImageEffects":true,"showParticleSystems":true,"showVisualEffectGraphs":true,"m_FxEnabled":true},"in2DMode":false,"pivot":{"x":31.383888244628908,"y":6.52813196182251,"z":3.833463668823242},"rotation":{"x":0.010680073872208596,"y":-0.6426296234130859,"z":-0.009628644213080407,"w":-0.7655687928199768},"size":38.414588928222659,"orthographic":false}