{"cameraMode":{"drawMode":0,"name":"Shaded","section":"Shading Mode"},"sceneLighting":true,"audioPlay":false,"sceneViewState":{"m_AlwaysRefresh":false,"showFog":true,"showSkybox":true,"showFlares":true,"showImageEffects":true,"showParticleSystems":true,"showVisualEffectGraphs":true,"m_FxEnabled":true},"in2DMode":false,"pivot":{"x":12.761991500854493,"y":1.9284374713897706,"z":36.05105972290039},"rotation":{"x":-0.28520864248275759,"y":-0.38183218240737917,"z":0.11459290236234665,"w":-0.8705034852027893},"size":4.909874439239502,"orthographic":false}